{
  "train_losses": [
    0.19758395699593495,
    0.19631443756419842
  ],
  "best_epoch_from_hpo": 1,
  "n_final_epochs": 2,
  "training_time_seconds": 8.91528058052063,
  "parameter_count": 84225
}