{
  "train_losses": [
    0.031503137137959984,
    0.03134628764715265,
    0.031321984471205405,
    0.03129544506265836,
    0.03125727606915376,
    0.03122158962006078,
    0.031193928332451513,
    0.031166398155338625,
    0.031145629331469537,
    0.031124616227605765,
    0.031094050098429707,
    0.031070206311695717,
    0.031052063349415276,
    0.031023036176229226,
    0.0310016537795172
  ],
  "val_rank_corr": [
    0.06766748408758813,
    0.0847257728554403,
    0.07640932330218718,
    0.07841332242615011,
    0.08725623081423484,
    0.08704249495399077,
    0.06872624393961675,
    0.07936406295924026,
    0.07559620149453301,
    0.07447548374866947,
    0.07942887381823212,
    0.07361258998908467,
    0.07830816190677406,
    0.08496660725600828,
    0.07736064823397609
  ],
  "best_epoch": 4,
  "best_val_rc": 0.08725623081423484,
  "n_epochs_run": 15,
  "training_time_seconds": 240.64086866378784,
  "parameter_count": 87169
}