{
  "universe": "EM",
  "fm_characteristics": [
    "be_me",
    "ope_be",
    "at_gr1",
    "ret_12_1",
    "me"
  ],
  "market_long_only": {
    "ann_ret": 0.030343337673885307,
    "ann_vol": 0.1160562266367409,
    "sharpe": 0.26145376730936437,
    "se_sharpe": 0.13128715577060648,
    "max_dd": 0.21434808384464585,
    "n_obs": 60
  },
  "factors": {
    "value": {
      "long_short_scaled": {
        "ann_ret": 0.1057513975321287,
        "ann_vol": 0.09792251545900138,
        "sharpe": 1.0799497647341907,
        "se_sharpe": 0.1624369491615499,
        "max_dd": 0.10087904722786119,
        "n_obs": 60
      },
      "long_short_unscaled": {
        "ann_ret": 0.1543338840646642,
        "ann_vol": 0.10650074602308877,
        "sharpe": 1.4491343002536852,
        "se_sharpe": 0.18484205465233775,
        "max_dd": 0.07049776557303754,
        "n_obs": 60
      },
      "long_only_scaled": {
        "ann_ret": 0.0997127616188418,
        "ann_vol": 0.08431184019543352,
        "sharpe": 1.182666175802938,
        "se_sharpe": 0.168292881692115,
        "max_dd": 0.11733035006495662,
        "n_obs": 60
      },
      "long_only_unscaled": {
        "ann_ret": 0.19588475251249804,
        "ann_vol": 0.13171810711795182,
        "sharpe": 1.4871512869303978,
        "se_sharpe": 0.1873414652049998,
        "max_dd": 0.12256331730084616,
        "n_obs": 60
      }
    },
    "momentum": {
      "long_short_scaled": {
        "ann_ret": 0.05912010495233555,
        "ann_vol": 0.1137840418443203,
        "sharpe": 0.5195816917210928,
        "se_sharpe": 0.13753681732454262,
        "max_dd": 0.17292255068312248,
        "n_obs": 60
      },
      "long_short_unscaled": {
        "ann_ret": 0.09024434021455519,
        "ann_vol": 0.13209422523402833,
        "sharpe": 0.6831815702364834,
        "se_sharpe": 0.14337413347342873,
        "max_dd": 0.18725731691988218,
        "n_obs": 60
      },
      "long_only_scaled": {
        "ann_ret": 0.13620662214752421,
        "ann_vol": 0.09535081508915502,
        "sharpe": 1.4284788443619296,
        "se_sharpe": 0.18349731625625104,
        "max_dd": 0.09813171128421987,
        "n_obs": 60
      },
      "long_only_unscaled": {
        "ann_ret": 0.18962646802074357,
        "ann_vol": 0.12051180158996719,
        "sharpe": 1.5735095278546587,
        "se_sharpe": 0.1931306171620947,
        "max_dd": 0.12979864690334592,
        "n_obs": 60
      }
    },
    "profitability": {
      "long_short_scaled": {
        "ann_ret": 0.01551693755483452,
        "ann_vol": 0.12272005562652669,
        "sharpe": 0.12644174153617674,
        "se_sharpe": 0.12961441258603346,
        "max_dd": 0.23654556362853962,
        "n_obs": 60
      },
      "long_short_unscaled": {
        "ann_ret": -0.001690475719429707,
        "ann_vol": 0.0667216736844529,
        "sharpe": -0.025336230734026265,
        "se_sharpe": 0.1291201612384051,
        "max_dd": 0.15253673320906952,
        "n_obs": 60
      },
      "long_only_scaled": {
        "ann_ret": 0.07032488094457601,
        "ann_vol": 0.08868889094679051,
        "sharpe": 0.7929390050301551,
        "se_sharpe": 0.148007664939416,
        "max_dd": 0.1254662481517156,
        "n_obs": 60
      },
      "long_only_unscaled": {
        "ann_ret": 0.11425805534028144,
        "ann_vol": 0.11123097536903155,
        "sharpe": 1.027214361478059,
        "se_sharpe": 0.15956109969817142,
        "max_dd": 0.14616060928120506,
        "n_obs": 60
      }
    },
    "investment": {
      "long_short_scaled": {
        "ann_ret": 0.11012802806344957,
        "ann_vol": 0.11369445647781633,
        "sharpe": 0.9686314660815267,
        "se_sharpe": 0.15647808464987592,
        "max_dd": 0.12261731615057095,
        "n_obs": 60
      },
      "long_short_unscaled": {
        "ann_ret": 0.07489346151498477,
        "ann_vol": 0.09058877635066939,
        "sharpe": 0.8267410658586665,
        "se_sharpe": 0.14954098629854862,
        "max_dd": 0.10346760351534887,
        "n_obs": 60
      },
      "long_only_scaled": {
        "ann_ret": 0.09429475857926795,
        "ann_vol": 0.08671144150061895,
        "sharpe": 1.0874546305241028,
        "se_sharpe": 0.16285365550723532,
        "max_dd": 0.09322415949707627,
        "n_obs": 60
      },
      "long_only_unscaled": {
        "ann_ret": 0.16062313459018696,
        "ann_vol": 0.1287757998330247,
        "sharpe": 1.2473083824636046,
        "se_sharpe": 0.17213798246765039,
        "max_dd": 0.14052458097180748,
        "n_obs": 60
      }
    },
    "size": {
      "long_short_scaled": {
        "ann_ret": 0.13034983566112146,
        "ann_vol": 0.11384470299932561,
        "sharpe": 1.144979364230004,
        "se_sharpe": 0.16610683671743073,
        "max_dd": 0.14873120118851127,
        "n_obs": 60
      },
      "long_short_unscaled": {
        "ann_ret": 0.23475207012560828,
        "ann_vol": 0.19816912418697813,
        "sharpe": 1.1846046708270916,
        "se_sharpe": 0.1684064583615427,
        "max_dd": 0.2357982634784485,
        "n_obs": 60
      },
      "long_only_scaled": {
        "ann_ret": 0.1528570322261471,
        "ann_vol": 0.09091154857992242,
        "sharpe": 1.6813818993718601,
        "se_sharpe": 0.20056264797512613,
        "max_dd": 0.09026348661541307,
        "n_obs": 60
      },
      "long_only_unscaled": {
        "ann_ret": 0.3103217166326435,
        "ann_vol": 0.1517696776967533,
        "sharpe": 2.0446885131606365,
        "se_sharpe": 0.22694990482209676,
        "max_dd": 0.11132212442322383,
        "n_obs": 60
      }
    }
  },
  "fm_regression": {
    "n_months": 372,
    "n_chars": 5,
    "characteristics": [
      "be_me",
      "ope_be",
      "at_gr1",
      "ret_12_1",
      "me"
    ],
    "coefficients": [
      {
        "variable": "intercept",
        "mean_coef": 0.00863,
        "se": 0.00301,
        "t_stat": 2.8691,
        "p_value": 0.0044,
        "sig": "***"
      },
      {
        "variable": "be_me",
        "mean_coef": 0.01788,
        "se": 0.00286,
        "t_stat": 6.2484,
        "p_value": 0.0,
        "sig": "***"
      },
      {
        "variable": "ope_be",
        "mean_coef": 0.01274,
        "se": 0.00193,
        "t_stat": 6.6114,
        "p_value": 0.0,
        "sig": "***"
      },
      {
        "variable": "at_gr1",
        "mean_coef": -0.00685,
        "se": 0.00235,
        "t_stat": -2.9145,
        "p_value": 0.0038,
        "sig": "***"
      },
      {
        "variable": "ret_12_1",
        "mean_coef": 0.01501,
        "se": 0.00416,
        "t_stat": 3.605,
        "p_value": 0.0004,
        "sig": "***"
      },
      {
        "variable": "me",
        "mean_coef": -0.01377,
        "se": 0.00305,
        "t_stat": -4.5188,
        "p_value": 0.0,
        "sig": "***"
      }
    ]
  },
  "fm_portfolio": {
    "long_short_unscaled": {
      "ann_ret": 0.23917635471201137,
      "ann_vol": 0.20047016353260513,
      "sharpe": 1.1930770669177957,
      "se_sharpe": 0.1689041367069195,
      "max_dd": 0.20606715605903708,
      "n_obs": 60
    },
    "long_short_scaled": {
      "ann_ret": 0.14898337527178662,
      "ann_vol": 0.11960386974602084,
      "sharpe": 1.2456400916471453,
      "se_sharpe": 0.1720372836993653,
      "max_dd": 0.11181396181747129,
      "n_obs": 60
    },
    "long_only_unscaled": {
      "ann_ret": 0.28624812931637367,
      "ann_vol": 0.13437272502187422,
      "sharpe": 2.130254702133755,
      "se_sharpe": 0.23341638574235696,
      "max_dd": 0.11017165919000341,
      "n_obs": 60
    },
    "long_only_scaled": {
      "ann_ret": 0.16539902012509322,
      "ann_vol": 0.08730052736722138,
      "sharpe": 1.8945935965467648,
      "se_sharpe": 0.21582178018131853,
      "max_dd": 0.10108941455267556,
      "n_obs": 60
    },
    "rank_corr": 0.04099281842583551,
    "n_oos_months": 312
  }
}