{
  "universe": "EM",
  "fm_characteristics": [
    "be_me",
    "ope_be",
    "at_gr1",
    "ret_12_1",
    "me"
  ],
  "market_long_only": {
    "ann_ret": 0.02405730336253864,
    "ann_vol": 0.19004268475095762,
    "sharpe": 0.12658894707820326,
    "se_sharpe": 0.05205488162479024,
    "max_dd": 0.6892592751398257,
    "n_obs": 372
  },
  "factors": {
    "value": {
      "long_short_scaled": {
        "ann_ret": 0.09242416055050406,
        "ann_vol": 0.14349698430092456,
        "sharpe": 0.6440843408714658,
        "se_sharpe": 0.05697156239960828,
        "max_dd": 0.26508137814707183,
        "n_obs": 372
      },
      "long_short_raw": {
        "ann_ret": 0.16653398200916736,
        "ann_vol": 0.20526624434747973,
        "sharpe": 0.8113072002586775,
        "se_sharpe": 0.05977353512719135,
        "max_dd": 0.4078319650442892,
        "n_obs": 372
      },
      "long_only_scaled": {
        "ann_ret": 0.0923853107636412,
        "ann_vol": 0.1319820524110899,
        "sharpe": 0.6999838923241237,
        "se_sharpe": 0.05785104911541659,
        "max_dd": 0.4330374787460996,
        "n_obs": 372
      },
      "long_only_raw": {
        "ann_ret": 0.19748088429590482,
        "ann_vol": 0.25871559576459013,
        "sharpe": 0.7633126395503275,
        "se_sharpe": 0.05891772769455644,
        "max_dd": 0.610552726739528,
        "n_obs": 372
      }
    },
    "momentum": {
      "long_short_scaled": {
        "ann_ret": 0.04214756740269032,
        "ann_vol": 0.16094105913638296,
        "sharpe": 0.26188200592723876,
        "se_sharpe": 0.05272904701615439,
        "max_dd": 0.5448408283201821,
        "n_obs": 372
      },
      "long_short_raw": {
        "ann_ret": 0.013721684671913703,
        "ann_vol": 0.2370521067071004,
        "sharpe": 0.057884677181410174,
        "se_sharpe": 0.05189099715579874,
        "max_dd": 0.9081656421143173,
        "n_obs": 372
      },
      "long_only_scaled": {
        "ann_ret": 0.07934590186109158,
        "ann_vol": 0.14640986708247658,
        "sharpe": 0.5419436779926446,
        "se_sharpe": 0.05552417557007777,
        "max_dd": 0.4629996693009406,
        "n_obs": 372
      },
      "long_only_raw": {
        "ann_ret": 0.12157436550008471,
        "ann_vol": 0.20852547745228833,
        "sharpe": 0.5830192405525197,
        "se_sharpe": 0.05608067627221017,
        "max_dd": 0.6204352072580834,
        "n_obs": 372
      }
    },
    "profitability": {
      "long_short_scaled": {
        "ann_ret": 0.06991168918658719,
        "ann_vol": 0.12050903796004964,
        "sharpe": 0.5801364807987585,
        "se_sharpe": 0.05604047999727241,
        "max_dd": 0.427607329206919,
        "n_obs": 372
      },
      "long_short_raw": {
        "ann_ret": 0.04947825829344121,
        "ann_vol": 0.09348580935432682,
        "sharpe": 0.5292595596611926,
        "se_sharpe": 0.05535947628825279,
        "max_dd": 0.3781651602383864,
        "n_obs": 372
      },
      "long_only_scaled": {
        "ann_ret": 0.06536458153439773,
        "ann_vol": 0.12245026191677362,
        "sharpe": 0.5338051590189689,
        "se_sharpe": 0.05541810711761106,
        "max_dd": 0.4941828838466048,
        "n_obs": 372
      },
      "long_only_raw": {
        "ann_ret": 0.11974271690793659,
        "ann_vol": 0.21847731651598154,
        "sharpe": 0.5480784862129037,
        "se_sharpe": 0.05560505444082858,
        "max_dd": 0.6599604255401389,
        "n_obs": 372
      }
    },
    "investment": {
      "long_short_scaled": {
        "ann_ret": 0.054067937445373415,
        "ann_vol": 0.13155348455854204,
        "sharpe": 0.41099585941650124,
        "se_sharpe": 0.053992701573412454,
        "max_dd": 0.4813220282771363,
        "n_obs": 372
      },
      "long_short_raw": {
        "ann_ret": 0.08831945529862262,
        "ann_vol": 0.16729283836251121,
        "sharpe": 0.5279332705638056,
        "se_sharpe": 0.05534245218335496,
        "max_dd": 0.34932051377105494,
        "n_obs": 372
      },
      "long_only_scaled": {
        "ann_ret": 0.06716552924389374,
        "ann_vol": 0.13184490105074087,
        "sharpe": 0.5094283412450278,
        "se_sharpe": 0.055108851654981215,
        "max_dd": 0.5114118390319916,
        "n_obs": 372
      },
      "long_only_raw": {
        "ann_ret": 0.13561136638413118,
        "ann_vol": 0.23814370224645537,
        "sharpe": 0.5694518272155974,
        "se_sharpe": 0.055892987512899873,
        "max_dd": 0.6376455807074164,
        "n_obs": 372
      }
    },
    "size": {
      "long_short_scaled": {
        "ann_ret": 0.09789346434339374,
        "ann_vol": 0.1416527114180478,
        "sharpe": 0.6910807662162495,
        "se_sharpe": 0.057706997971049376,
        "max_dd": 0.25692274666712855,
        "n_obs": 372
      },
      "long_short_raw": {
        "ann_ret": 0.1595207252556503,
        "ann_vol": 0.18139320944279097,
        "sharpe": 0.8794194983686038,
        "se_sharpe": 0.06105456151125677,
        "max_dd": 0.34651647346775216,
        "n_obs": 372
      },
      "long_only_scaled": {
        "ann_ret": 0.10785783899734125,
        "ann_vol": 0.1354991068423467,
        "sharpe": 0.7960040587044895,
        "se_sharpe": 0.05949634557172241,
        "max_dd": 0.37964968974394314,
        "n_obs": 372
      },
      "long_only_raw": {
        "ann_ret": 0.2059357521979579,
        "ann_vol": 0.22930031597066824,
        "sharpe": 0.8981049647759792,
        "se_sharpe": 0.06141906694681456,
        "max_dd": 0.5555832697045985,
        "n_obs": 372
      }
    }
  },
  "fm_regression": {
    "n_months": 372,
    "n_chars": 5,
    "characteristics": [
      "be_me",
      "ope_be",
      "at_gr1",
      "ret_12_1",
      "me"
    ],
    "coefficients": [
      {
        "variable": "intercept",
        "mean_coef": 0.00863,
        "se": 0.00301,
        "t_stat": 2.8691,
        "p_value": 0.0044,
        "sig": "***"
      },
      {
        "variable": "be_me",
        "mean_coef": 0.01788,
        "se": 0.00286,
        "t_stat": 6.2484,
        "p_value": 0.0,
        "sig": "***"
      },
      {
        "variable": "ope_be",
        "mean_coef": 0.01274,
        "se": 0.00193,
        "t_stat": 6.6114,
        "p_value": 0.0,
        "sig": "***"
      },
      {
        "variable": "at_gr1",
        "mean_coef": -0.00685,
        "se": 0.00235,
        "t_stat": -2.9145,
        "p_value": 0.0038,
        "sig": "***"
      },
      {
        "variable": "ret_12_1",
        "mean_coef": 0.01501,
        "se": 0.00416,
        "t_stat": 3.605,
        "p_value": 0.0004,
        "sig": "***"
      },
      {
        "variable": "me",
        "mean_coef": -0.01377,
        "se": 0.00305,
        "t_stat": -4.5188,
        "p_value": 0.0,
        "sig": "***"
      }
    ]
  },
  "fm_portfolio": {
    "long_short_raw": {
      "ann_ret": 0.2238551142468863,
      "ann_vol": 0.18709386983362106,
      "sharpe": 1.196485563348261,
      "se_sharpe": 0.07415742203225001,
      "max_dd": 0.3436640652635369,
      "n_obs": 312
    },
    "long_short_scaled": {
      "ann_ret": 0.15480492571640325,
      "ann_vol": 0.13608266199532484,
      "sharpe": 1.137580081448742,
      "se_sharpe": 0.07265664379362737,
      "max_dd": 0.2924347971375636,
      "n_obs": 312
    },
    "long_only_raw": {
      "ann_ret": 0.25584773189936305,
      "ann_vol": 0.19880450486155088,
      "sharpe": 1.2869312598199802,
      "se_sharpe": 0.0765459480276917,
      "max_dd": 0.5228082017200846,
      "n_obs": 312
    },
    "long_only_scaled": {
      "ann_ret": 0.14385486409937132,
      "ann_vol": 0.1267824167786044,
      "sharpe": 1.1346594248205562,
      "se_sharpe": 0.07258341808335872,
      "max_dd": 0.28155497820340675,
      "n_obs": 312
    },
    "rank_corr": 0.03249825093905097,
    "n_oos_months": 312
  }
}