{
  "universe": "EM",
  "fm_characteristics": [
    "be_me",
    "ope_be",
    "at_gr1",
    "ret_12_1",
    "me"
  ],
  "market_long_only": {
    "ann_ret": 0.06576686267438818,
    "ann_vol": 0.14011637259757806,
    "sharpe": 0.46937314644359396,
    "se_sharpe": 0.09618366005119146,
    "max_dd": 0.30657333687298943,
    "n_obs": 120
  },
  "factors": {
    "value": {
      "long_short_scaled": {
        "ann_ret": 0.09234850254696048,
        "ann_vol": 0.10300464659293179,
        "sharpe": 0.8965469578466323,
        "se_sharpe": 0.1080855457424051,
        "max_dd": 0.25083925397329865,
        "n_obs": 120
      },
      "long_short_unscaled": {
        "ann_ret": 0.14551008890152145,
        "ann_vol": 0.11925537941748734,
        "sharpe": 1.220155347392104,
        "se_sharpe": 0.12056773807991274,
        "max_dd": 0.22712136704953467,
        "n_obs": 120
      },
      "long_only_scaled": {
        "ann_ret": 0.08861995718015075,
        "ann_vol": 0.11999038101533369,
        "sharpe": 0.7385588447196106,
        "se_sharpe": 0.10298602589497206,
        "max_dd": 0.3817188551081994,
        "n_obs": 120
      },
      "long_only_unscaled": {
        "ann_ret": 0.1876310181269865,
        "ann_vol": 0.1733804339297281,
        "sharpe": 1.0821925742960952,
        "se_sharpe": 0.11494819064585882,
        "max_dd": 0.43318970970400056,
        "n_obs": 120
      }
    },
    "momentum": {
      "long_short_scaled": {
        "ann_ret": 0.06801384094058688,
        "ann_vol": 0.11367139545925878,
        "sharpe": 0.5983373448156873,
        "se_sharpe": 0.09912129728689925,
        "max_dd": 0.17016061354431963,
        "n_obs": 120
      },
      "long_short_unscaled": {
        "ann_ret": 0.07746035851891889,
        "ann_vol": 0.12578350903335903,
        "sharpe": 0.6158228460487267,
        "se_sharpe": 0.0995665141525075,
        "max_dd": 0.20006044340164372,
        "n_obs": 120
      },
      "long_only_scaled": {
        "ann_ret": 0.0970892045475496,
        "ann_vol": 0.10646310060061356,
        "sharpe": 0.9119516903022648,
        "se_sharpe": 0.10862120506307607,
        "max_dd": 0.2796865070462846,
        "n_obs": 120
      },
      "long_only_unscaled": {
        "ann_ret": 0.1722951797543519,
        "ann_vol": 0.1574193881901209,
        "sharpe": 1.0944978362275488,
        "se_sharpe": 0.11543261947825498,
        "max_dd": 0.32697675804122595,
        "n_obs": 120
      }
    },
    "profitability": {
      "long_short_scaled": {
        "ann_ret": 0.08590036680870343,
        "ann_vol": 0.11841967967022725,
        "sharpe": 0.7253892853613272,
        "se_sharpe": 0.10259527310661493,
        "max_dd": 0.36828658611161064,
        "n_obs": 120
      },
      "long_short_unscaled": {
        "ann_ret": 0.02789423505628797,
        "ann_vol": 0.056081712935208666,
        "sharpe": 0.49738557537488637,
        "se_sharpe": 0.09676846099907342,
        "max_dd": 0.17372322419144967,
        "n_obs": 120
      },
      "long_only_scaled": {
        "ann_ret": 0.06633583239232635,
        "ann_vol": 0.11320808760279155,
        "sharpe": 0.5859637221774834,
        "se_sharpe": 0.09881281722926288,
        "max_dd": 0.35112740023350864,
        "n_obs": 120
      },
      "long_only_unscaled": {
        "ann_ret": 0.12955056332713571,
        "ann_vol": 0.15352240974423326,
        "sharpe": 0.8438544154105294,
        "se_sharpe": 0.10630322734219327,
        "max_dd": 0.39557696900480427,
        "n_obs": 120
      }
    },
    "investment": {
      "long_short_scaled": {
        "ann_ret": 0.09115143725908151,
        "ann_vol": 0.11030015945785379,
        "sharpe": 0.8263944286853991,
        "se_sharpe": 0.10573015479201182,
        "max_dd": 0.14073100560722218,
        "n_obs": 120
      },
      "long_short_unscaled": {
        "ann_ret": 0.06466383479142401,
        "ann_vol": 0.08146208485901123,
        "sharpe": 0.7937905702185203,
        "se_sharpe": 0.10468411749496362,
        "max_dd": 0.10183091578335884,
        "n_obs": 120
      },
      "long_only_scaled": {
        "ann_ret": 0.07230532911753358,
        "ann_vol": 0.11076894230845602,
        "sharpe": 0.6527581433086759,
        "se_sharpe": 0.10054213862969326,
        "max_dd": 0.36776296865607594,
        "n_obs": 120
      },
      "long_only_unscaled": {
        "ann_ret": 0.14518133886132678,
        "ann_vol": 0.15836391182400913,
        "sharpe": 0.9167577208036372,
        "se_sharpe": 0.10878964255719,
        "max_dd": 0.40275658648728857,
        "n_obs": 120
      }
    },
    "size": {
      "long_short_scaled": {
        "ann_ret": 0.10320028574106785,
        "ann_vol": 0.10835495561790037,
        "sharpe": 0.9524279268314243,
        "se_sharpe": 0.1100590552803434,
        "max_dd": 0.1742041087506059,
        "n_obs": 120
      },
      "long_short_unscaled": {
        "ann_ret": 0.18243889338854533,
        "ann_vol": 0.17694171242366258,
        "sharpe": 1.031067750444963,
        "se_sharpe": 0.11297309240861363,
        "max_dd": 0.23453241317124923,
        "n_obs": 120
      },
      "long_only_scaled": {
        "ann_ret": 0.11744369540773095,
        "ann_vol": 0.12083997881443032,
        "sharpe": 0.9718943727066113,
        "se_sharpe": 0.11076586928627837,
        "max_dd": 0.3749202465071264,
        "n_obs": 120
      },
      "long_only_unscaled": {
        "ann_ret": 0.23801115616079666,
        "ann_vol": 0.17784954088598576,
        "sharpe": 1.3382725362972896,
        "se_sharpe": 0.12568103445839227,
        "max_dd": 0.42480215777846153,
        "n_obs": 120
      }
    }
  },
  "fm_regression": {
    "n_months": 372,
    "n_chars": 5,
    "characteristics": [
      "be_me",
      "ope_be",
      "at_gr1",
      "ret_12_1",
      "me"
    ],
    "coefficients": [
      {
        "variable": "intercept",
        "mean_coef": 0.00863,
        "se": 0.00301,
        "t_stat": 2.8691,
        "p_value": 0.0044,
        "sig": "***"
      },
      {
        "variable": "be_me",
        "mean_coef": 0.01788,
        "se": 0.00286,
        "t_stat": 6.2484,
        "p_value": 0.0,
        "sig": "***"
      },
      {
        "variable": "ope_be",
        "mean_coef": 0.01274,
        "se": 0.00193,
        "t_stat": 6.6114,
        "p_value": 0.0,
        "sig": "***"
      },
      {
        "variable": "at_gr1",
        "mean_coef": -0.00685,
        "se": 0.00235,
        "t_stat": -2.9145,
        "p_value": 0.0038,
        "sig": "***"
      },
      {
        "variable": "ret_12_1",
        "mean_coef": 0.01501,
        "se": 0.00416,
        "t_stat": 3.605,
        "p_value": 0.0004,
        "sig": "***"
      },
      {
        "variable": "me",
        "mean_coef": -0.01377,
        "se": 0.00305,
        "t_stat": -4.5188,
        "p_value": 0.0,
        "sig": "***"
      }
    ]
  },
  "fm_portfolio": {
    "long_short_unscaled": {
      "ann_ret": 0.21535295947103442,
      "ann_vol": 0.17290044260368237,
      "sharpe": 1.2455315685030404,
      "se_sharpe": 0.1216440998729772,
      "max_dd": 0.23457393236719218,
      "n_obs": 120
    },
    "long_short_scaled": {
      "ann_ret": 0.14425556271262774,
      "ann_vol": 0.11664007949289468,
      "sharpe": 1.2367580967005025,
      "se_sharpe": 0.1212705410393474,
      "max_dd": 0.14751601382451224,
      "n_obs": 120
    },
    "long_only_unscaled": {
      "ann_ret": 0.2368822749052279,
      "ann_vol": 0.16777199301652965,
      "sharpe": 1.4119297902236232,
      "se_sharpe": 0.1289952475306895,
      "max_dd": 0.3422558148878,
      "n_obs": 120
    },
    "long_only_scaled": {
      "ann_ret": 0.12533574696153868,
      "ann_vol": 0.11434409270857614,
      "sharpe": 1.0961278715200138,
      "se_sharpe": 0.11549704741397425,
      "max_dd": 0.2986633681970842,
      "n_obs": 120
    },
    "rank_corr": 0.04498673975793997,
    "n_oos_months": 312
  }
}