{
  "best_params": {
    "n_estimators": 482,
    "max_depth": 6,
    "learning_rate": 0.10446579572431045,
    "num_leaves": 61,
    "subsample": 0.7640881690357239,
    "colsample_bytree": 0.5264174990326803,
    "min_child_samples": 11,
    "reg_alpha": 0.013465980973646114,
    "reg_lambda": 1.905435175842351
  },
  "best_value": 2.2413245140103046,
  "best_trial_number": 19,
  "best_trial_user_attrs": {
    "val_sharpe_long_only": 1.2979873699342397
  },
  "n_trials_completed": 50,
  "hpo_time_seconds": 1617.9447617530823
}