{
  "construction": "mean_split_softmax_cap_6m",
  "best_params": {
    "n_estimators": 401,
    "max_depth": 7,
    "learning_rate": 0.14133990687190043,
    "subsample": 0.672917118045331,
    "colsample_bytree": 0.7960521164296441,
    "min_child_weight": 9,
    "reg_alpha": 3.7099748733151694,
    "reg_lambda": 0.03616373068486893
  },
  "best_value": 2.3800357400375898,
  "best_trial_number": 19,
  "best_trial_user_attrs": {
    "val_sharpe_long_only": 0.6355692623426802
  },
  "n_trials_completed": 50,
  "hpo_time_seconds": 776.5726864337921
}